label,label_eng,label_clean,remove
het bollet,the ballet,bollet,
rood,red,rood,
plateau,plateau,plateau,
Oh,Oh,,x
Oké,Okay,,x
rui,moult,rui,
cilinder,cylinder,cilinder,
blok,block,blok,
arm,arm,arm,
ruit,window,ruit,
satelliet,satellite,satelliet,
vinden,find,,x
rechthoekig,rectangular,rechthoekig,
oké,okay,,x
ehm,um,,x
cirkel,circle,cirkel,
cocktailglas,cocktail glass,cocktailglas,
vierkant,square,vierkant,
Pinocchio,Pinocchio,pinocchio,
armp,armp,armp,
eh ik hebben,um I have,,x
lijken,appear,,x
een soort,sort of,,x
paddenstoel,mushroom,paddenstoel,
er doorheen,through,doorheen,
weer,again,,x
citroen,lemon,citroen,
soort,type,,x
bakje,bowl,bakje,
voorop,ahead,,x
ijshoorn,ice cream cone,ijshoorn,
Yes,Yes,,x
de ober,the waiter,ober,
armp en,armp and,armp,
vis,fish,vis,
anker,anchor,anker,
balk,bar,balk,
twee armp,two armp,armp,
yes,yes,,x
aan de linkerkant,on the left,,x
aan de zijkant,on the side,,x
armpje,arm,armpje,
papier,paper,papier,
steeds groot worden,ever-growing,steeds groot worden,
Ernie,Ernie,ernie,
groot worden,grow up,groot worden,
ovaal,oval,ovaal,
de zijkant,the side,,x
eh,eh,,x
bollet,bollet,bollet,
recht,straight,,x
drijven,float,drijven,
glijbaan,slide,glijbaan,
staan,are,,x
Oh ik hebben,Oh I have,,x
rechts,right,,x
uitsteeksel,protrusion,uitsteeksel,
Oh ja,Oh yes,,x
vierkan,square,vierkan,
gewoon,simply,gewoon,
een uitstekend,an excellent,uitstekend,
een rok aan,wear a skirt,rok,
die geven een high five,who give a high five,geven  high five,
lepel,spoon,lepel,
en aan de zijkant,and on the side,,x
zwaaien,swing,zwaaien,
weer die,again those,,x
spijker,nail,spijker,
feesthoed,party hat,feesthoed,
tafel,table,tafel,
dit zijn weer,these are again,,x
schuin,slanted,schuin,
dit zijn weer die,these are again those,,x
paraplu,umbrella,paraplu,
klein,small,klein,
piramide,pyramid,piramide,
lang,long,lang,
wijnglas,wine glass,wijnglas,
dienblad,tray,dienblad,
kort,short,kort,
ei,egg,ei,
aflopen,expire,aflopen,
is-teken,is-sign,is-teken,
spijker bovenop,nail on top,spijker,
hanekam,hanekam,hanekam,
diamant,diamond,diamant,
vlak,flat,vlak,
happy,happy,happy,
raket,rocket,raket,
buigen,bend,buigen,
drukken,print,drukken,
noemen,mention,,x
gieter,watering can,gieter,
lang dan de,long than the,lang,
de achterste,the rear,achterste,
de voorste,the foremost,voorste,
vinden ik,find I,,x
een beetje,somewhat,,x
zijn neus,his nose,neus,
olifan,elephant,olifan,
precies,exactly,,x
rechthoekuitsteeksel,rectangular protrusion,rechthoekuitsteeksel,
poot,paw,poot,
pluim,plume,pluim,
bal,ball,bal,
het lijken,it seems,,x
een plaat,a plate,plaat,
zijn hoofd,his head,hoofd,
op zijn hoofd,on his head,hoofd,
poo,poo,poo,
Pippi Langkous,Pippi Longstocking,pippi langkous,
antenne,antenna,antenne,
Aardappelneus,Potato Nose,aardappelneus,
Frankenstein,Frankenstein,frankenstein,
staan die,are those,,x
even kijken,let's see,,x
beker,cup,beker,
driehoek,triangle,driehoek,
kijken,watch,,x
stopcontact,socket,stopcontact,
kiepbak,tipper,kiepbak,
ja precies,yes exactly,,x
vliegen,fly,vliegen,
neus,nose,neus,
ik hebben één,I have one,,x
en een klein,and a small,klein,
olifant,elephant,olifant,
scherm,screen,scherm,
wattenstaaf,cotton bud,wattenstaaf,
plui,fluff,plui,
spaceship,spaceship,spaceship,
half,half,half,
Flappy,Flappy,flappy,
springen,jumping,springen,
neuspiercing,nose piercing,neuspiercing,
glijbaanneus,slide nose,glijbaanneus,
Glijbaanneus,Sliding slide nose,glijbaanneus,
Minecraft,Minecraft,minecraft,
en dan links,and then left,,x
aan de linker en,on the left and,,x
zitten,sit,zitten,
met die lepel,with that spoon,lepel,
compact,compact,compact,
aan de rechterkant,on the right side,,x
rechterkant,right side,,x
aan de voorkant,up front,,x
aan de onderkant,underneath,,x
cubus,cubus,cubus,
niet,not,,x
slurf,trunk,slurf,
omheen zitten,sit around,omheen zitten,
Eh deze hebben,Eh these have,,x
deze staan op,these are on,,x
lampenkap,lampshade,lampenkap,
net,just,,x
toeter,horn,toeter,
de bovenkant,the top,,x
bovenkant,top,,x
plaat,plate,plaat,
achterkant,backside,,x
aan de achterkant,overleaf,,x
groot,great,groot,
een klein,a small,klein,
pion,pawn,pion,
deze hebben een,these have a,,x
links,left,,x
dan aan de linkerkant,then on the left side,,x
linksonder,bottom left,,x
aan de achterkant zitten,at the back are,zitten,
staaf,bar,staaf,
aan de bovenkant,at the top,,x
even,just,,x
rechthoek,rectangle,rechthoek,
liggen,lie,liggen,
gewoon op,simply on,gewoon,
haak,hook,haak,
eruit,out,eruit,
kant,side,,x
deze staat op,this one is on,staat,
misschien,maybe,,x
kubus,cube,kubus,
een bal,a ball,bal,
zitten een,sit a,zitten,
kegel,cone,kegel,
spiraal,spiral,spiraal,
Eh en dan,Um and then,,x
steken uit,stick out,steken uit,
keer,times,keer,
wat ruimte tussen,some space between,wat ruimte tussen,
steken,stitches,steken,
mhm,mhm,,x
ik vinden,I find,,x
vogel,bird,vogel,
stengel,stem,stengel,
langwerpig,oblong,langwerpig,
dinget,dinget,dinget,
toch,anyway,,x
kraan,crane,kraan,
platform,platform,platform,
zijkant,side,,x
ik hebben de bleekselderij,I have the celery,bleekselderij,
van klein naar groot,from small to large,klein  groot,
dubbel,double,dubbel,
raar,weird,raar,
kruiwag,wheelbarrow,kruiwag,
met de piercing,with the piercing,piercing,
hendel,lever,hendel,
twee verschillend,two different,verschillend,
ding,thing,,x
draaien,turn,draaien,
snavel,beak,snavel,
een soort van,a kind of,,x
horizontaal,horizontal,horizontaal,
rond aan de achterkant,round at the back,rond,
schef,sheath,schef,
ehm ja,um yes,,x
twee klein,two small,klein,
Ehm,Um,,x
op een driehoek,on a triangle,driehoek,
piercing,piercing,piercing,
verticaal,vertical,verticaal,
oort,ear,oort,
een cirkel,a circle,cirkel,
een plank,a shelf,plank,
trapezium,trapezoid,trapezium,
eronder,under it,,x
schrijven,write,schrijven,
heel,very,,x
joystick,joystick,joystick,
een lang,a long,lang,
hand,hand,hand,
link,link,,x
wc-ontstopper,toilet plunger,wc-ontstopper,
nummer,number,,x
het bakje erop,the tray on it,bakje,
dat zijn nummer,that his number,,x
door de kom heen,through the bowl,door  kom heen,
Links,Links,,x
toren,tower,toren,
vorm,form,vorm,
kanon,cannon,kanon,
een oor,an ear,oor,
lineaal,ruler,lineaal,
lijken een,appear to be a,,x
driehoek bovenop,triangle on top,driehoek,
pen,pen,pen,
bedoelen,mean,,x
zeepaard,seahorse,zeepaard,
fietsstuur,bicycle handlebars,fietsstuur,
pinnet,pinnet,pinnet,
ontstopper,plunger,ontstopper,
verschillend,different,verschillend,
een nieuw,a new,nieuw,
op de bovenkant,on top,,x
verschuiven,shift,verschuiven,
Wacht,Wait,,x
op de knop drukken,press the button,knop drukken,
stok,stick,stok,
aan allebei de kant,on both sides,,x
helemaal,totally,,x
deze hebben,these have,,x
hebben,have,,x
Eh,Eh,,x
een beetje aan de onderkant,a little at the bottom,,x
de voorkant,the front,,x
staat,state,staat,
twee dezelfde,two identical,dezelfde,
een ballet,a ballet,ballet,
beetje,bit,,x
ja oké,yes okay,,x
en rechts,and right,,x
daarboven,up there,,x
trapeze,trapeze,trapeze,
O,O,,x
soort van,sort of,,x
smal,narrow,smal,
bred,bred,bred,
Eh deze,Um these,,x
daarop,thereon,daarop,
hoog,high,hoog,
niet echt,not really,,x
kap,hood,kap,
eend,duck,eend,
statief,tripod,statief,
bovenop,on top of,,x
tuut naar boven,tuut up,tuut  boven,
op het vierkant,on the square,vierkant,
plat,flat,plat,
een stuk,one piece,stuk,
een steel,a handle,steel,
hebben cijfer,have figure,cijfer,
naar links,to the left,,x
wel laag,well low,wel laag,
appelstokje,apple stick,appelstokje,
een bakje met,a tray with,bakje,
schoorsteen,chimney,schoorsteen,
handvat,handle,handvat,
paal,post,paal,
kop,header,kop,
twee dinget,two dinget,dinget,
boch,boch,boch,
nou,well,,x
erin,in it,,x
steelt,steals,steelt,
twee oor,two ear,oor,
dun,thin,dun,
afsnijden,cropping,afsnijden,
en twee armp,and two armp,armp,
verfkwast,paintbrush,verfkwast,
staart,tail,staart,
zonnepaneel,solar panel,zonnepaneel,
Saturnus,Saturn,saturnus,
lijken op,resemble,,x
tandenborstelhouder,toothbrush holder,tandenborstelhouder,
er bovenop,on top of,,x
twee pistolen,two pistols,pistolen,
boot,boat,boot,
onderkant van,underside of,,x
kwast,brush,kwast,
parallel,parallel,parallel,
indiaan,Indian,indiaan,
bord,sign,bord,
rond waar je iets op kunnen bijzetten,around where you can put something on,rond   iets  kunnen bijzetten,
wielt,wielt,wielt,
stuur,send,stuur,
bol bovenop,sphere on top,bol,
vleugelt,wings,vleugelt,
roerstaaf,stirrer,roerstaaf,
propeller,propeller,propeller,
blokkentoren,block tower,blokkentoren,
punt,point,punt,
een poo,a poo,poo,
trofee,trophy,trofee,
spijkert,nails,spijkert,
verrekijker,binoculars,verrekijker,
de koffiezetmo,the coffee maker,koffiezetmo,
puntig,pointed,puntig,
de speeltuin,the playground,speeltuin,
een rand,an edge,rand,
Liggen,Lying,liggen,
druppel,drop,druppel,
speaker,speaker,speaker,
echt,truly,,x
een beetje op een,a little on a,,x
mijn plaat zijn,be my record,mijn plaat,
versprong,staggered,versprong,
een beetje op,a little at,,x
ik hebben de sushichef,I have the sushi chef,sushichef,
half cirkel,semi-circle,half cirkel,
het koffiekopje,the coffee cup,koffiekopje,
twee ding die,two thing that,,x
pinguin,penguin,pinguin,
krokodil,crocodile,krokodil,
twee ding,two thing,,x
steelpan,saucepan,steelpan,
krael,scratch,krael,
ninja,ninja,ninja,
been,leg,been,
sushi,sushi,sushi,
knuffelen,hug,knuffelen,
koffiemolen,coffee grinder,koffiemolen,
kralen,beads,kralen,
plaat aan de,plate on the,plaat,
punthoed,pointed hat,punthoed,
voet,foot,voet,
die knuffelt,who hugs,knuffelt,
grappig,funny,grappig,
tak,branch,tak,
een naam voor,a name for,,x
oeh,ooh,,x
in spiegelbeeld,in mirror image,in spiegelbeeld,
de achterkant,the back,,x
op de grond,on the ground,grond,
hoofd,head,hoofd,
koffie,coffee,koffie,
lijken maar,seem but,,x
picknicktafel,picnic table,picknicktafel,
knuppel,bat,knuppel,
zweven,float,zweven,
hula,hula,hula,
Langkous,Longstocking,langkous,
een hoed,a hat,hoed,
twee staf,two staff,staf,
bal op zijn hoofd,ball on his head,bal   hoofd,
rechtsboven,top right,,x
die robot,that robot,robot,
zonder punt,without a point,zonder punt,
daarachter,behind it,,x
boog,arch,boog,
robot,robot,robot,
bolle,convex,bolle,
man met,man with,man,
hoed,hat,hoed,
Piet,Pete,piet,
op een buisje,on a tube,buisje,
drie vier,three four,drie vier,
bollet eraan,bulb,bollet,
hangen,hang,hangen,
dan twee,than two,,x
plaatsen,places,plaatsen,
bak,bin,bak,
juichen persoon,cheering person,juichen persoon,
rond erachter,around behind,rond,
ik hebben de stofzuigrobot,I have the vacuum cleaner robot,stofzuigrobot,
Pijp,Pipe,pijp,
prullenbak,trash can,prullenbak,
L aan de linkerkant,L on the left side,l,
letter,letter,,x
standaard,standard,standaard,
twee uitsteeksel,two protrusions,uitsteeksel,
een blok,one block,blok,
uitkomen,hatch,uitkomen,
hebben twee,have two,,x
schroevendraaier,screwdriver,schroevendraaier,
maar twee,but two,,x
Letter,Letter,,x
Einstein,Einstein,einstein,
kunnen vallen,may fall,kunnen vallen,
die eruit komen,coming out,eruit komen,
zijn vallen,its traps,vallen,
vallen,fall,vallen,
pijp,pipe,pijp,
Schroevendraaier,Screwdriver,schroevendraaier,
een bolle,a convex,bolle,
wiel,wheel,wiel,
erin zijn,in it,,x
alles zijn hoekig,all are angular,alles  hoekig,
borstel,brush,borstel,
tutu,tutu,tutu,
met een soort,with some kind of,,x
bol,sphere,bol,
plat stuk,flat piece,plat stuk,
basketbal,basketball,basketbal,
die kop,that headline,kop,
hanenkam,cockscomb,hanenkam,
stuk aan de,piece to the,stuk,
eigenlijk,actually,,x
de hanenkam,the cockscomb,hanenkam,
de onderkant,the bottom,,x
oog,eye,oog,
omhoog,up,,x
naar voren,forward,voren,
zijn eigenlijk,are actually,,x
hm,hm,,x
de neuspiercing,the nose piercing,neuspiercing,
eraan,to it,,x
cartoon,cartoon,cartoon,
mok,mug,mok,
fietsmand,bike basket,fietsmand,
vijzel,mortar,vijzel,
wc-borstel,toilet brush,wc-borstel,
gereedschapskist,toolbox,gereedschapskist,
horen,hear,horen,
vertellen,tell,vertellen,
Buis,Tube,buis,
een rui,a moult,rui,
linker,left,,x
de rechter,the judge,rechter,
onderzetter,coaster,onderzetter,
eerst,first,,x
haarplukje,hair pick,haarplukje,
de linkerarm,the left arm,linkerarm,
twee kegel,two cone,kegel,
omschrijven,define,omschrijven,
bowlingbal,bowling ball,bowlingbal,
ingaan,Enter,ingaan,
stomp,blunt,stomp,
doorheen zitten,sit through,doorheen zitten,
met twee poot,two-legged,poot,
de Haarpluk,the Hair Pick,haarpluk,
twee balk,two bar,balk,
je bedoelen,you mean,,x
even zoeken,quick search,,x
twee arm,two arm,arm,
één,one,,x
pilaren,pillars,pilaren,
top,top,,x
oor,ear,oor,
schroef,screw,schroef,
schaap,sheep,schaap,
rechts hebben hij,On the right he have,,x
de sportschool,the gym,sportschool,
nog,yet,,x
gewicht,weight,gewicht,
ja top,yes top,,x
kunnen vasthouden,can hold,kunnen vasthouden,
gei,gei,gei,
bijna,almost,,x
ook zo'n,also such a,,x
L,L,l,
wc-pot,toilet bowl,wc-pot,
beginnen,begin,,x
waarvan één,one of which,,x
volgen,follow,volgen,
zegmaar,say,zegmaar,
blauw,blue,blauw,
en link,and link,,x
veel naar links,much to the left,veel,
tipi,teepee,tipi,
net hebben,have just,,x
afgehakte tipi tent,severed tepee tent,afgehakte tipi tent,
bolle aan de voorkant,convex in front,bolle,
dwars,cross,dwars,
kruiwagen,wheelbarrow,kruiwagen,
er bijna,there almost,,x
precies hetzelfde,exactly the same,hetzelfde,
in de arm,in the arm,in  arm,
tipitent,tipitent,tipitent,
krom,crooked,krom,
kip,chicken,kip,
op staat,on it,staat,
cactus,cactus,cactus,
Oh ik hebben nu,Oh I have now,,x
er tegenaan,against it,tegenaan,
keer hebben,times have,keer,
naald,needle,naald,
twee lepelt,two spoons,lepelt,
Eend,Duck,eend,
bakfiets,bakfiets,bakfiets,
ovalen,oval,ovalen,
daaruit,from that,daaruit,
gebouw,building,gebouw,
drinken,drink,drinken,
rechts en,right and,,x
zwembad,pool,zwembad,
en dan twee,and then two,,x
waar,where,,x
ja ja kloppen,yes yes yes knock,kloppen,
zoeken,search,,x
een half,half,half,
gek,crazy,gek,
met die olifantenslurf,with that elephant trunk,olifantenslurf,
spriet,sprite,spriet,
ober,waiter,ober,
olifantenslurf,elephant trunk,olifantenslurf,
giraf,giraffe,giraf,
schild,shield,schild,
Spijkerachtig iets,Spiky something,spijkerachtig iets,
het cijfer of,the figure or,cijfer of,
voorkant,front,,x
waarvan ik zeggen,of which I say,,x
de linkerkant,the left side,,x
onderkant,bottom,,x
afgezaagd,trite,afgezaagd,
dit zijn die met die bol,these are the ones with the bulb,bol,
rok,skirt,rok,
luchtschacht,air shaft,luchtschacht,
vlecht,braid,vlecht,
pluimp,plume,pluimp,
steeds,becoming,steeds,
platgeslagen,flattened,platgeslagen,
afzuigkap,extractor,afzuigkap,
sprie,sprie,sprie,
Afzuigkap,Extractor,afzuigkap,
gewoon een,just a,,x
tafelpo,tablepo,tafelpo,
verjaardagshoed,birthday hat,verjaardagshoed,
lepelt,spoons,lepelt,
aan de rechterkant een snavel,on the right a beak,snavel,
met een kuif,with a crest,kuif,
punaise,thumbtack,punaise,
draaien hartje,twist heart,draaien hartje,
deksel,lid,deksel,
plank,board,plank,
plateauo,plateauo,plateauo,
dit doen mij een beetje denken aan,this remind me a little of,doen mij   denken,
erdoorheen,through it,erdoorheen,
duwen,push,duwen,
een lepel,a spoon,lepel,
twee hak,two heel,hak,
een bakje,a container,bakje,
een feesthoed,a party hat,feesthoed,
plateauotje,tray,plateauotje,
rust,rest,rust,
eentje aan de,one to the,,x
helemaal op de grond,completely on the ground,grond,
een plateau,a plateau,plateau,
drie verschillend,three different,drie verschillend,
vormp,formp,vormp,
uiteind,tip,uiteind,
ondersteunen,support,ondersteunen,
een vogel,a bird,vogel,
korfbal,korfball,korfbal,
ook twee,also two,,x
splinter,splinter,splinter,
een basketbalnet,a basketball net,basketbalnet,
boek,book,boek,
voorwerp,object,voorwerp,
een voorwerp,an object,voorwerp,
een neuspiercing,a nose piercing,neuspiercing,
citrusper,citrusper,citrusper,
een platform onder,a platform among,platform onder,
ik vinden het,I find it,,x
moeilijk,difficult,moeilijk,
zijn weer,are again,,x
een haak,a hook,haak,
inderdaad,indeed,,x
de ballerina,the ballerina,ballerina,
naam,name,,x
buis,tube,buis,
knop,button,knop,
vraagwolk,demand cloud,vraagwolk,
pot,pot,pot,
idee,idea,idee,
en de citroenper,and the lemon per,citroenper,
Mario,Mario,mario,
Job,Job,job,
de raket,the rocket,raket,
met het schaalt,with it scales,schaalt,
kraalt,kraalt,kraalt,
pannenkoek,pancake,pannenkoek,
met de bobbel,with the bulge,bobbel,
vast,fixed,vast,
meetlint,tape measure,meetlint,
champignon,mushroom,champignon,
jarig,birthday,jarig,
de pot,the pot,pot,
spagaat,splits,spagaat,
geit,goat,geit,
doorn,thorn,doorn,
dansen,dance,dansen,
K,K,,x
doorklikken,click through,doorklikken,
Top,Top,,x
A,A,,x
een hoek,one corner,hoek,
flatgebouw,apartment building,flatgebouw,
die naar elkaar toe gaan,going to each other,elkaar toe gaan,
doorheen gaan,pass through,doorheen gaan,
eh even kijken,um let's see,,x
een driehoek,a triangle,driehoek,
twee poot,two-legged,poot,
ook weer,again,,x
een staart,a tail,staart,
en aan de rechterkant,and on the right side,,x
alleen,only,,x
twee flatgebouw,two apartment building,flatgebouw,
het kop,the head,kop,
even lang,equally long,lang,
wijnflesachtig,wine bottle-like,wijnflesachtig,
een vierkant,a square,vierkant,
balk naar beneden,bar down,balk  beneden,
ik vinden het een beetje op,I find it a bit on,,x
V,V,v,
Pac-Man,Pac-Man,pac-man,
dik neus,thick nose,dik neus,
op een olifant,on an elephant,olifant,
aan beide kant,on both sides,,x
steel,steel,steel,
zout,salt,zout,
peper,pepper,peper,
twee ruit,two pane,ruit,
tent,tent,tent,
tulp,tulip,tulp,
kindertafel,children's table,kindertafel,
ook,also,,x
hij een pluk,he a pick,pluk,
in mijn hoofd zijn,be in my head,in mijn hoofd,
een plat bovenkant,a flat top,plat,
koelkastdeur,refrigerator door,koelkastdeur,
poten,paws,poten,
tafelblad,table top,tafelblad,
rok om,skirt to,rok om,
licht,light,licht,
clownsneus,clown nose,clownsneus,
bovenop zitten,sit on top,zitten,
lichtinval,light,lichtinval,
waarvan,of which,,x
diepte,depth,diepte,
geschoven,slid,geschoven,
driehoekig,triangular,driehoekig,
spatel,spatula,spatel,
kom,come,kom,
even kijken waar zijn hij,let's see where are he,,x
standbeeld,statue,standbeeld,
emmer,bucket,emmer,
rechts komen,come right,komen,
doorboren worden,pierce,doorboren worden,
krab,crab,krab,
voetstuk,pedestal,voetstuk,
voorwerp op,object on,voorwerp,
geweldig,great,geweldig,
open,open,open,
klep,valve,klep,
hoofddeksel,headgear,hoofddeksel,
weer omschrijven,describe again,omschrijven,
staaf op zijn hoofd,rod on his head,staaf   hoofd,
bijtafel,side table,bijtafel,
we gewoon ver,we just far,we gewoon ver,
ja en de plaat,yes and the record,plaat,
kapiteinshoed op,captain's hat on,kapiteinshoed,
zakken,bags,zakken,
snel,fast,snel,
afgeknipte,cut off,afgeknipte,
piramide aan de voorkant,pyramid in front,piramide,
euh,euh,,x
oke,okay,,x
twee staaf,two bar,staaf,
Euhm,Euhm,,x
basketkorf,basket basket basket,basketkorf,
ballonnet,balloon net,ballonnet,
kristalle,crystal,kristalle,
de Cup met,the Cup with,cup,
met die twee schroevendraaihandvat,with those two screwdriver handles,schroevendraaihandvat,
omgekeerd,reverse,omgekeerd,
cup,cup,cup,
feestmuts,party hat,feestmuts,
basket,basket,basket,
Cup,Cup,cup,
wokkel,wokkel,wokkel,
oppervlakte,area,oppervlakte,
streep,stripe,streep,
twee pijlt,two darts,pijlt,
de linker zijn,the left ones are,,x
object,object,,x
omarmen,embrace,omarmen,
een pingpongballe,a ping pong ballle,pingpongballe,
potloodpunt,pencil tip,potloodpunt,
fontein,fountain,fontein,
tornado,tornado,tornado,
pirouette,pirouette,pirouette,
juichen,cheer,juichen,
sokkel,pedestal,sokkel,
vrij,free,vrij,
de mat,the mat,mat,
identiek,identical,identiek,
omgekeerde,reverse,omgekeerde,
doorboord,pierced,doorboord,
bowlingkegel,bowling cone,bowlingkegel,
afgetopte,capped,afgetopte,
ballet,ballet,ballet,
eurostuk,euro piece,eurostuk,
man,man,man,
en daarnaast,as well as,,x
een balk aan de voorkant,a beam at the front,balk,
met het euh,with the euh,,x
een balk,a bar,balk,
ja even,yes for a moment,,x
bollet met,bollet with,bollet,
pij,pipe,pij,
de toeter,the horn,toeter,
Euh,Euh,,x
schap,shelf,schap,
snor,mustache,snor,
springplank,springboard,springplank,
ongelijk,uneven,ongelijk,
pijpje,pipe,pijpje,
laugh,laugh,,x
de schijf,the disk,schijf,
gaan steeds,are always going,gaan steeds,
een half rond,a half round,half rond,
pilaar,pillar,pilaar,
er,er,,x
helft,half,helft,
pluk haar,strand of hair,pluk haar,
schep,scoop,schep,
eiffeltoren,eiffel tower,eiffeltoren,
een heel,a very,,x
ehh,ehh,,x
steekt,stabs,steekt,
met twee Eiffeltorens,with two Eiffel towers,eiffeltorens,
plateaut,plateaut,plateaut,
Eeh,Eeh,,x
Eiffeltoren,Eiffel Tower,eiffeltoren,
met twee schuin poot,with two angled leg,schuin poot,
dik,thick,dik,
kort dan,briefly then,kort,
dikke,big,dikke,
staar,cataract,staar,
de beker,the cup,beker,
een satelliet,a satellite,satelliet,
er één,one,,x
spiegel,mirror,spiegel,
kabouter,gnome,kabouter,
puntmuts,pointed hat,puntmuts,
kurkentrekker,corkscrew,kurkentrekker,
rietje,straw,rietje,
veel lang,much longer,veel lang,
twee hetzelfde,two the same,hetzelfde,
Angry,Angry,angry,
insect,bug,insect,
rie,rie,rie,
links één naar rechts,left one to right,,x
er twee,there are two,,x
wachten,wait,,x
soeplepel,ladle,soeplepel,
dit zijn euh,these are euh,,x
toejuichen,acclaim,toejuichen,
de glijbaan,the slide,glijbaan,
kindje,baby,kindje,
rond aan de voorkant,round in front,rond,
één been,one leg,been,
dus één,so one,,x
twee uitsteksel,two protrusions,uitsteksel,
schijf,disk,schijf,
kogel,bullet,kogel,
hoi,hi,,x
links en,left and,,x
cocktail,cocktail,cocktail,
cirkeltje,circle,cirkeltje,
wc,toilet,wc,
poppe,pop,poppe,
Ohja,Oh yes,,x
rij,row,rij,
rechtop,upright,,x
Mohawk,Mohawk,mohawk,
het citroenschijf,the lemon slice,citroenschijf,
wegwijzer,signpost,wegwijzer,
veer,spring,veer,
kampioensbeker,championship cup,kampioensbeker,
Euh ik hebben nu die,Euh I now have those,,x
veert,springs,veert,
de bowlingkegel,the bowling pin,bowlingkegel,
ligbed,lounger,ligbed,
sneeuwschuiver,snowplow,sneeuwschuiver,
de rechterkant,the right side,,x
symmetrisch,symmetrical,symmetrisch,
blok die,block that,blok,
basisvorm heen,basic shape across,basisvorm heen,
citroenschijfje,lemon slice,citroenschijfje,
gezicht,face,gezicht,
sneeuwschep,snow shovel,sneeuwschep,
Euh ik hebben,Uh I have,,x
spits,pointed,spits,
met die bolal erop,with that bolal on it,bolal,
een recht,a right,,x
euh deze hebben,euh these have,,x
beginnen en,begin and,,x
een groot,a large,groot,
eindigen,end,eindigen,
uitlopen,run out,uitlopen,
aan de bovenkant en,at the top and,,x
zo'n,about,,x
onderuit,down,onderuit,
twee vierkant,two square,vierkant,
op zijn kant,on its side,,x
lopen,run,lopen,
duidelijk,clearly,duidelijk,
veerachtig,feathery,veerachtig,
niet helemaal,not exactly,,x
een kubus,a cube,kubus,
kra aan,kra to,kra,
bolle aan de,convex to the,bolle,
die twee gelijk,those two equal,gelijk,
nu één,now one,,x
lijken alsof,appear as if,,x
het gezicht zullen,the face will,gezicht zullen,
krael aan,scratch to,krael,
gleuf,slot,gleuf,
Ehm ik hebben er nu één,Um I have one now,,x
heel puntig,very pointed,puntig,
vierkant door het,square by the,vierkant door,
plat drukken,flatten,plat drukken,
ik hebben er één,I have one,,x
L-vormig,L-shaped,l-vormig,
aan de rechtervoorzijde,on the right front side,,x
ik hebben nu die met die twee,I now have the one with the two,,x
twee vear,two vear,vear,
de bovenkant en,the top and,,x
pizzapunt,pizza point,pizzapunt,
langkous,langkous,langkous,
de linkerkant zijn,the left side are,,x
puntigst hoed,pointed hat,puntigst hoed,
bakje erop,tray on top,bakje,
omhelsten,embraced,omhelsten,
de hemel,heaven,hemel,
uiteinde,end,uiteinde,
Flamingo,Flamingo,flamingo,
flamingo,flamingo,flamingo,
Pipi,Pipi,pipi,
nek,neck,nek,
die een beetje,which is a little,,x
geruit,checkered,geruit,
zijn kort dan de,are short than the,kort,
kijken waar,look where,,x
en dan,and then,,x
ergens uitkomen,get out somewhere,ergens uitkomen,
serviesbak,serving bowl,serviesbak,
kerktoren,church tower,kerktoren,
waar die,where those,,x
selderij,celery,selderij,
Uh,Uh,,x
uhm,uhm,,x
Uhm,Uhm,,x
bokaal,goblet,bokaal,
kantelen,tilt,kantelen,
uur,hours,uur,
pauzeknop,pause button,pauzeknop,
flap,flap,flap,
voelsprietjes,feelers,voelsprietjes,
een hendel,a lever,hendel,
wijzen naar rechts,pointing to the right,wijzen,
uitlaatklep,outlet,uitlaatklep,
luik,hatch,luik,
septempiercing,septempiercing,septempiercing,
versnellingspook,gearshift,versnellingspook,
handvatt,handle,handvatt,
donker,dark,donker,
theepo,theepo,theepo,
platformpje,platform,platformpje,
lastig,tricky,lastig,
ventilatieschacht,ventilation shaft,ventilatieschacht,
pennenbakje,pen tray,pennenbakje,
meneer Krabs,Mr. Krabs,meneer krabs,
een rond aan de rechterkant,one around to the right,rond,
ik noemen,I mention,,x
beschrijven,describe,,x
eh ik hebben die,um I have those,,x
vierkantig,square,vierkantig,
teken,sign,teken,
zijn gelijk,are equal,gelijk,
plat rond aan de,flat round to the,plat rond,
eromheen,around it,eromheen,
ik hebben die met de spie,I have the one with the wedge,spie,
buisjes,tubes,buisjes,
linkerkant,left side,,x
twee rechthoekig,two rectangular,rechthoekig,
reling,railing,reling,
knop drukken,press button,knop drukken,
staan op,are on,,x
ehm deze hebben,um have these,,x
paddenstoel bovenop,mushroom on top,paddenstoel,
ei bovenop,egg on top,ei,
er dwars doorheen,right through it,dwars doorheen,
lampenkapp,lampshade,lampenkapp,
dat bak,that bin,dat bak,
telescoopding,telescope thing,telescoopding,
zo'n hexagon,such a hexagon,hexagon,
twee telescooparme,two telescopic low,telescooparme,
en links,and left,,x
ook nog twee,also two more,,x
die blok,that block,blok,
daarnaast,in addition,,x
een arm,one arm,arm,
linkerarm,left arm,linkerarm,
de linker,the left,,x
en dan onderin,and then at the bottom,,x
disk,disk,disk,
munt,coin,munt,
en dan bovenin,and then at the top,,x
rond neus,round nose,rond neus,
een gebouw,a building,gebouw,
zullen kunnen landen,will be able to land,zullen kunnen landen,
los,loose,los,
helikopterplatform,helicopter pad,helikopterplatform,
fotolijst,photo frame,fotolijst,
snoepautomaat,candy machine,snoepautomaat,
onderin,at the bottom,,x
een uitsteeksel,a protrusion,uitsteeksel,
nog een,another,,x
links twee,left two,,x
er doorheen met,through it with,doorheen,
tafelpot,table pot,tafelpot,
dinge,thinge,dinge,
rond,around,rond,
twee rond aan,two around to,rond,
kubus die,cube that,kubus,
door de neus heen,through the nose,door  neus heen,
Oh ja ja,Oh yes yes yes,,x
een soort spijker,a kind of nail,spijker,
wijzen,indicate,wijzen,
knuffel,hug,knuffel,
cape-achtig,cape-like,cape-achtig,
en dat staart,and that stares,dat staart,
kuif aan de,crest on the,kuif,
cape,cape,cape,
schuin onderzetter,slanted coaster,schuin onderzetter,
aan de muur,on the wall,muur,
snijden,cut,snijden,
bekerhouder,cup holder,bekerhouder,
cilindervormig,cylindrical,cilindervormig,
uitstulpsel,protrusion,uitstulpsel,
staan ook,are also,,x
zeshoekig,hexagonal,zeshoekig,
afvoerpu,drainpu,afvoerpu,
armp met,armp with,armp,
hebben zo'n,have such,,x
vastzit,stuck,vastzit,
ei op,egg on,ei,
één floep,one flop,floep,
varkensneus,pig nose,varkensneus,
tafelpoo,tablepoo,tafelpoo,
in ieder geval,in any case,in ieder geval,
strijkijzer,iron,strijkijzer,
drie bollet,three ballet,drie bollet,
het bakje,the container,bakje,
zonder neuspiercing,without nose piercing,zonder neuspiercing,
paddenstoelt,toadstool,paddenstoelt,
bekervorm,cup shape,bekervorm,
bolletje bovenop,pellet on top,bolletje,
het bollet bovenop,the bollet on top,bollet,
met bollet,with polka dot,bollet,
de kraan,the crane,kraan,
wasbak,sink,wasbak,
doorsnijden,cut through,doorsnijden,
kijken,watch,,x
eronder,under it,,x
de voorkant,the front,,x
staan,are,,x
yoghurtbak,yogurt bowl,yoghurtbak,
aan de voorkant,up front,,x
kant,side,,x
op zijn kop,upside down,kop,
schuin,slanted,schuin,
okee,okay,,x
een soort van,a kind of,,x
soort van,sort of,,x
klein,small,klein,
hoofdvorm,main form,hoofdvorm,
de hoofdvorm,the main form,hoofdvorm,
vierkant,square,vierkant,
een cirkel,a circle,cirkel,
weer,again,,x
kop,header,kop,
ei,egg,ei,
liggen,lie,liggen,
zo ineen,together like this,zo ineen,
een langwerpig,an oblong,langwerpig,
link,link,,x
weer de,again the,,x
een soort,sort of,,x
soort,type,,x
staaf,bar,staaf,
erachter,behind,,x
vast,fixed,vast,
kraantje,tap,kraantje,
klein worden,dwindle,klein worden,
rechts,right,,x
poot,paw,poot,
taartpunt,cake tip,taartpunt,
aan de linkerkant die,on the left that,,x
eraan,to it,,x
hebben,have,,x
erin,in it,,x
daarop,thereon,daarop,
yoghurtbakje,yogurt tray,yoghurtbakje,
plateaut,plateaut,plateaut,
hebben je weer,have you again,,x
aan de rechterkant,on the right side,,x
aan de linkerkant,on the left,,x
paddestoel,mushroom,paddestoel,
voorop,ahead,,x
uitsteken,protruding,uitsteken,
plat,flat,plat,
onderkant,bottom,,x
steken,stitches,steken,
plateau,plateau,plateau,
vastgeplken,stuck,vastgeplken,
daaraan,thereto,daaraan,
cirkel,circle,cirkel,
eigenlijk,actually,,x
punt,point,punt,
kegel,cone,kegel,
een staaf,a bar,staaf,
beetje,bit,,x
tafelpoot,table leg,tafelpoot,
waarbij,in which,waarbij,
kraan,crane,kraan,
linksonder,bottom left,,x
feestmuts,party hat,feestmuts,
aan de uiteinde,at the tip,uiteinde,
keer,times,keer,
een yoghurtbak,a yogurt container,yoghurtbak,
vorm,form,vorm,
nou,well,,x
vinden,find,,x
het plateau,the plateau,plateau,
wachten,wait,,x
langwerpig,oblong,langwerpig,
standaard,standard,standaard,
parasolle,parasolle,parasolle,
lang neus,long nose,lang neus,
konijn,rabbit,konijn,
deze hebben,these have,,x
hoofd,head,hoofd,
wc-pot,toilet bowl,wc-pot,
bol,sphere,bol,
haak,hook,haak,
deze hebben een,these have a,,x
een nagel,a nail,nagel,
knop,button,knop,
sumoworstelaar,sumo wrestler,sumoworstelaar,
hendel,lever,hendel,
Aardappelneus,Potato Nose,aardappelneus,
rechts twee,right two,,x
hoed,hat,hoed,
neus,nose,neus,
water,water,water,
links,left,,x
draaien,turn,draaien,
een scherm,a screen,scherm,
gieter,watering can,gieter,
spuugen,spit,spuugen,
aardappelneus,potato nose,aardappelneus,
aan de achterkant,overleaf,,x
kogel,bullet,kogel,
op bed,in bed,bed,
en rechts met,and right with,,x
lijken,appear,,x
zijn hoofd,his head,hoofd,
op zijn hoofd,on his head,hoofd,
fez,fez,fez,
deze staat,this state,staat,
statief,tripod,statief,
punthoed,pointed hat,punthoed,
slurf,trunk,slurf,
aan de zijkant,on the side,,x
schroef,screw,schroef,
hanekam,hanekam,hanekam,
pinokkio-neus en,pinocchio nose and,pinokkio-neus,
krijgen,get,krijgen,
pinokkio-neus,pinocchio nose,pinokkio-neus,
vlecht,braid,vlecht,
pyramide,pyramid,pyramide,
oor,ear,oor,
pluimp op,plume on,pluimp,
het lijken,it seems,,x
noemen,mention,,x
half,half,half,
rok,skirt,rok,
heel,very,,x
zo'n soort,that kind of,,x
schijf,disk,schijf,
aan de bovenkant en,at the top and,,x
die trapeze,that trapeze,trapeze,
driehoek,triangle,driehoek,
uitsteeksel,protrusion,uitsteeksel,
zo'n heel,such a,,x
ruit,window,ruit,
twee blok,two block,blok,
linksboven,top left,linksboven,
met het paddestoelt,with the toadstool,paddestoelt,
handvatt,handle,handvatt,
ovaal,oval,ovaal,
handvat,handle,handvat,
erdoorheen,through it,erdoorheen,
simpel,simple,simpel,
emmer,bucket,emmer,
twee ding,two thing,,x
plaat,plate,plaat,
haaks op elkaar,perpendicular,haaks  elkaar,
tafel,table,tafel,
horizontaal,horizontal,horizontaal,
dinget,dinget,dinget,
even,just,,x
kralenketting,beaded necklace,kralenketting,
gezicht,face,gezicht,
citroen,lemon,citroen,
stok,stick,stok,
een bal,a ball,bal,
uiteinde,end,uiteinde,
aan de onderkant,underneath,,x
niet erbovenop,not on top,,x
schoorsteen,chimney,schoorsteen,
ding,thing,,x
voet,foot,voet,
staart,tail,staart,
linkerkant van het midden,left of center,midden,x
linksachter,rear left,,x
voe,voe,voe,
en daarvoor,and before that,,x
stuk,piece,stuk,
oké,okay,,x
liniaal,ruler,liniaal,
gootje,gutter,gootje,
bal,ball,bal,
ballet,ballet,ballet,
een beetje,somewhat,,x
dienblad,tray,dienblad,
spijker,nail,spijker,
een vierkant,a square,vierkant,
poo,poo,poo,
groot,great,groot,
kunnen zetten,can put,kunnen zetten,
kubus,cube,kubus,
ook vier,also four,,x
zuignap,suction cup,zuignap,
die steeds groot worden,who keep getting big,steeds groot worden,
steeds,becoming,steeds,
piramide op,pyramid on,piramide,
inderdaad,indeed,,x
vogel,bird,vogel,
op tafel,on the table,tafel,
cirkel aan de voorkant,front circle,cirkel,
korfbal,korfball,korfbal,
been,leg,been,
de emmer,the bucket,emmer,
goo,goo,goo,
pinokkioneus,pinokkioneus,pinokkioneus,
met aan beide kant,with on both sides,,x
bovenkant,top,,x
aan de bovenkant,at the top,,x
= ja,= yes,=,
een voetstuk en,a pedestal and,voetstuk,
plat rond,flat round,plat rond,
arm,arm,arm,
puntmuts,pointed hat,puntmuts,
egaalteken,evenmark,egaalteken,
dat ding,that thing,dat,
nummer,number,,x
staan op,are on,,x
door de tafel,through the table,door  tafel,
dun,thin,dun,
naar dik,to thick,dik,
armpje,arm,armpje,
pippi,pippi,pippi,
wijnglas,wine glass,wijnglas,
lepel,spoon,lepel,
dat zijn nummer,that his number,,x
balk,bar,balk,
rechthoek,rectangle,rechthoek,
krom,crooked,krom,
oog,eye,oog,
knot,bun,knot,
compact,compact,compact,
pixeliseren,pixelizing,pixeliseren,
toeter,horn,toeter,
ISteken,ISign,isteken,
zakken,bags,zakken,
mouw,sleeve,mouw,
twee dezelfde,two identical,dezelfde,
driehoek op,triangle on,driehoek,
een driehoeksstaaf,a triangle bar,driehoeksstaaf,
hartje,heart,hartje,
staf,staff,staf,
gewoon,simply,gewoon,
rechterkant,right side,,x
de rechterkant,the right side,,x
maar één,only one,,x
cactus,cactus,cactus,
bolle,convex,bolle,
pilvormig,pill-shaped,pilvormig,
uitstulping,bulge,uitstulping,
en rechts,and right,,x
twee klein,two small,klein,
hart,heart,hart,
bakje,bowl,bakje,
sterrenkijker,stargazer,sterrenkijker,
de uiteind,the final,uiteind,
lampenkap,lampshade,lampenkap,
het kop,the head,kop,
staan een,are a,,x
rechtsvoor,right front,,x
staat,state,staat,
een kapstok,a coat rack,kapstok,
neuspiercing,nose piercing,neuspiercing,
appelsteel,apple stalk,appelsteel,
het fietsstuur,the bicycle handlebars,fietsstuur,
lang,long,lang,
de onderkant,the bottom,,x
de dansen,the dances,dansen,
net,just,,x
bedoelen,mean,,x
beker,cup,beker,
roken,smoking,roken,
ballerina,ballerina,ballerina,
m,m,,x
raket,rocket,raket,
de bovenkant,the top,,x
twee identiek,two identical,identiek,
door het kop,by the head,door  kop,
lijken op,resemble,,x
dwars door het,right through the,dwars door,
kapstok,coat rack,kapstok,
identiek,identical,identiek,
joystick,joystick,joystick,
knuppel,bat,knuppel,
staar,cataract,staar,
space shuttle,space shuttle,space shuttle,
wijzen,indicate,wijzen,
fiets,bike,fiets,
kubus die,cube that,kubus,
wiskundig,mathematical,wiskundig,
zijn er maar één,there are only one,,x
dobbelsteen,die,dobbelsteen,
driehoekig,triangular,driehoekig,
feesthoed,party hat,feesthoed,
met ijsblok,with ice cube,ijsblok,
spriet bovenop,sprit on top,spriet,
antenne,antenna,antenne,
hondenkoek,dog cake,hondenkoek,
trompet,trumpet,trompet,
half cirkel,semi-circle,half cirkel,
voelspriet,feeler,voelspriet,
twee verrekijker aan de,two binoculars to the,verrekijker,
bokaal,goblet,bokaal,
verrekijker,binoculars,verrekijker,
recht,straight,,x
ISteken aan de rechterkant,ISign on the right,isteken,
piratenverrekijker,pirate binoculars,piratenverrekijker,
de lang,the long,lang,
twee poot,two-legged,poot,
rechtsboven,top right,,x
vlak,flat,vlak,
piercing,piercing,piercing,
houdert,houdert,houdert,
twee streep,two stroke,streep,
top,top,,x
linker uitsteeksel,left protrusion,uitsteeksel,
twee balk bovenop,two bar on top,balk,
muur,wall,muur,
aan de bovenzijde,at the top,,x
aan de onderzijde,underneath,,x
naald,needle,naald,
helemaal,totally,,x
een stopcontact,an outlet,stopcontact,
boek,book,boek,
een roerstaaf,a stirrer,roerstaaf,
de linkerkant,the left side,,x
tipitent,tipitent,tipitent,
even kijken,let's see,,x
stomp,blunt,stomp,
omschrijven,define,omschrijven,
een driehoek,a triangle,driehoek,
een blok,one block,blok,
opengeslagen,open,opengeslagen,
eruit,out,eruit,
de rechterzijde,the right side,,x
toch,anyway,,x
kaneelstaaf,cinnamon bar,kaneelstaaf,
rechts en,right and,,x
tuitje,spout,tuitje,
cocktail,cocktail,cocktail,
lopen,run,lopen,
spiraal,spiral,spiraal,
het houdert,it holds,houdert,
de zijkant,the side,,x
uit de muur,out of the wall,uit  muur,
satelliet,satellite,satelliet,
vulkaan,volcano,vulkaan,
blok,block,blok,
echt een,really a,,x
nog twee,two more,,x
mooi,beautiful,mooi,
aan de linkerzijde,on the left,,x
niet helemaal,not exactly,,x
op een plateau,on a plateau,plateau,
kwastje,tassel,kwastje,
post its,post its,post its,
houder,holder,houder,
kwast,brush,kwast,
twee armp,two armp,armp,
daarboven,up there,,x
voorkant,front,,x
moeten uitleggen,have to explain,,x
vak,box,vak,
pedaal,pedal,pedaal,
dinget uit,dinget out,dinget uit,
zo'n beitel,such a chisel,beitel,
zo'n kromming,such a curve,kromming,
ja met die stang,yes with that rod,stang,
achterkant,backside,,x
zitten,sit,zitten,
bank,bank,bank,
deze zijn met die diamant,these are with that diamond,diamant,
vormp,formp,vormp,
verhoginkje,booster,verhoginkje,
aflopend,descending,aflopend,
vallen,fall,vallen,
bijna,almost,,x
cilinder,cylinder,cilinder,
beeld,image,beeld,
dat cirkeltje,that little circle,dat cirkeltje,
een bel,a bell,bel,
okee dat zijn,okay those are,dat,x
raar,weird,raar,
rechthoekig,rectangular,rechthoekig,
sorry,sorry,,x
buis,tube,buis,
aflopen,expire,aflopen,
cirkeltje,circle,cirkeltje,
komma,comma,komma,
schep,scoop,schep,
het vierkan,the square,vierkan,
dinge er,thinge er,dinge,
druppel,drop,druppel,
IKEAsleutel,IKEA key,ikeasleutel,
blokkentorens,block towers,blokkentorens,
ingestoken,inserted,ingestoken,
schotel,dish,schotel,
dwars,cross,dwars,
zijkant,side,,x
slaan,hit,slaan,
linkerkant,left side,,x
twee blokkentorens,two block towers,blokkentorens,
eindigen,end,eindigen,
kegelvorm,cone shape,kegelvorm,
blokkentoren,block tower,blokkentoren,
liggen een,lie a,liggen,
erbovenop,on top,erbovenop,
gek,crazy,gek,
een balk,a bar,balk,
hoeven,hooves,hoeven,
er net bovenuit,just above,,x
druppelvorm,drop shape,druppelvorm,
zonnepaneel,solar panel,zonnepaneel,
yes,yes,,x
de l-vorm,the l-shape,l-vorm,
toren,tower,toren,
twee druppelvormen,two drop shapes,druppelvormen,
twistervorm,twist shape,twistervorm,
wokkel,wokkel,wokkel,
een schijf,one disk,schijf,
pluimp bovenop,plume on top,pluimp,
echt,truly,,x
een toiletpot,a toilet bowl,toiletpot,
eineus,eineus,eineus,
lat,lat,lat,
kraalt,kraalt,kraalt,
verticaal,vertical,verticaal,
door het plateau,through the plateau,door  plateau,
kap,hood,kap,
deze zijn er niet doorheen zakken,these have not fallen through,doorheen zakken,
houten,wooden,houten,
zoeken,search,,x
tipiten,tipiten,tipiten,
ja precies,yes exactly,,x
kop met,head with,kop,
legoblok,legoblock,legoblok,
ei bovenop,egg on top,ei,
eit,eit,eit,
legoblokjes,lego bricks,legoblokjes,
USB-C,USB-C,usb-c,
spijkert,nails,spijkert,
Springstok,Jumpstick,springstok,
omhoog,up,,x
schaalt,scales,schaalt,
figuur,Figure,figuur,
een la,a drawer,la,
vangrail,crash barrier,vangrail,
blik,tin,blik,
linksvoor,left front,,x
een ei,an egg,ei,
schaal,scale,schaal,
precies,exactly,,x
stropdas,tie,stropdas,
dat platform,that platform,dat platform,
theekop,teacup,theekop,
een slurf,a trunk,slurf,
trechter,funnel,trechter,
steeds klein worden,get smaller and smaller,steeds klein worden,
bijzettafel,side table,bijzettafel,
schuin vierkant,oblique square,schuin vierkant,
pen,pen,pen,
zijn hij wat kort,are he a little short,wat kort,
helikopter,helicopter,helikopter,
penachtig,pen-like,penachtig,
Baseballbat,Baseball bat,baseballbat,
voetstuk,pedestal,voetstuk,
bred,bred,bred,
glijbaan,slide,glijbaan,
balk bovenop,bar on top,balk,
aan de zijkant ook ja,On the side also yes,,x
twee gelijkwaardig,two equivalent,gelijkwaardig,
naar je toe wijzen,point to you,toe wijzen,
eraf,off,eraf,
één er,one there,,x
door het voorwerp,by the object,,x
towers,towers,towers,
scherp,sharp,scherp,
plaat eronder,plate underneath,plaat,
steeds bred,increasingly bred,steeds bred,
zijn aan de linkerkant,are on the left side,,x
kort,short,kort,
ontstopper,plunger,ontstopper,
hoog,high,hoog,
dobber,float,dobber,
bollet,bollet,bollet,
vleugel,wing,vleugel,
hand,hand,hand,
antenne bovenop,antenna on top,antenne,
pijl,arrow,pijl,
Towers,Towers,towers,
zien,see,zien,
helft,half,helft,
vlak ervoor,just before,vlak,
hol,hollow,hol,
bloempot die,flowerpot that,bloempot,
mogen beginnen,may begin,mogen,
vier kubus aan,four cube to,vier kubus,
gewoon een,just a,,x
vierkan,square,vierkan,
koffiefilter,coffee filter,koffiefilter,
tafel met,table with,tafel,
moeilijk,difficult,moeilijk,
wcrolhouder,toilet roll holder,wcrolhouder,
wc-rolhouder,toilet roll holder,wc-rolhouder,
vier kubus,four cube,vier kubus,
trapezium,trapezoid,trapezium,
omschrijven als,describe it as,,x
inkeping,notch,inkeping,
pipet,pipette,pipet,
halter,dumbbell,halter,
theepot,teapot,theepot,
piramide,pyramid,piramide,
zonder top,without top,zonder,
uitleggen,explain,uitleggen,
pluim,plume,pluim,
uitstulpsel,protrusion,uitstulpsel,
dit zijn weer,these are again,,x
plat cirkel,flat circle,plat cirkel,
een paddestoel,a mushroom,paddestoel,
lang dan,longer than,lang,
schroef aan de,screw on the,schroef,
een klein,a small,klein,
paal,post,paal,
die blok die,that block that,blok,
en aan de rechterkant,and on the right side,,x
de helft,half,helft,
diamant,diamond,diamant,
bovenop zitten,sit on top,zitten,
een rondachtig,a roundish,rondachtig,
dat gek,that crazy,dat gek,
zeshoekig,hexagonal,zeshoekig,
uitschuiven,extend,uitschuiven,
zegmaar,say,zegmaar,
er doorheen,through,doorheen,
weer met,again with,,x
die robot,that robot,robot,
die dinget,that thinget,dinget,
hij staan,he stand,,x
ja dit zijn weer met,yes these are again with,,x
rek,rack,rek,
ei met,egg with,ei,
hoekje,corner,hoekje,
deksel,lid,deksel,
een plateau onder,a plateau under,plateau onder,
trompetje,trumpet,trompetje,
schiet,shoot,schiet,
naar links,to the left,,x
Swirl,Swirl,swirl,
streep,stripe,streep,
het kop heen,the head over,kop heen,
donker,dark,donker,
twee rond aan,two around to,rond,
sierlijk,graceful,sierlijk,
rechter,right,rechter,
één zijn,be one,,x
pixelachtig,pixelated,pixelachtig,
daaronder,underneath,,x
dinge,thinge,dinge,
dun armpjes,thin arms,dun armpjes,
gelijk,equal,gelijk,
zitten twee,are two,,x
attachment,attachment,attachment,
armp,armp,armp,
propeller,propeller,propeller,
misschien,maybe,,x
plank,board,plank,
drie ding,three thing,drie,
leunt,leans,leunt,
de bovenkant en,the top and,,x
propellerkop,propeller head,propellerkop,
naar rechts,to the right,,x
wijken,districts,wijken,
pilaar,pillar,pilaar,
een pilaar,a pillar,pilaar,
bak,bin,bak,
doorboren,pierce,doorboren,
houtversnipperaar,wood chipper,houtversnipperaar,
penceel,pencil,penceel,
beide kant,both sides,,x
bak met,container with,bak,
makkelijk,easy,makkelijk,
een buis,a tube,buis,
borstel,brush,borstel,
Frankenstein,Frankenstein,frankenstein,
jij noemen,you mention,,x
de bak,the bin,bak,
